FID,port_id,data_src_c,port_coor_,the_geom
portlocations.1,ESGAR,2110,4,POINT (37.181592305 -1.82105112999994)
portlocations.2,ESACA,2110,3,POINT (40.574600312 0.547101449000024)
portlocations.3,ESSCR,2107,3,POINT (40.617389029 0.600645136000026)
portlocations.4,ESBRM,2110,3,POINT (43.4173386630001 -2.71670000299997)
portlocations.5,ESLPA,2111,1,POINT (28.136104931 -15.4250538269999)
portlocations.6,ESSCT,2111,1,POINT (28.4818963540001 -16.239274902)
portlocations.7,PTFNC,5106,1,POINT (32.6455078120001 -16.9089965819999)
portlocations.8,PTCNL,5105,7,POINT (32.737121582 -16.734313965)
portlocations.9,PTPXO,2109,1,POINT (33.0639038090001 -16.3145141599999)
portlocations.10,ESMLN,2110,1,POINT (35.2838745120001 -2.93762206999997)
portlocations.11,ESCEU,2110,1,POINT (35.8903198240001 -5.31329345699993)
portlocations.12,ESALG,2110,1,POINT (36.1280135000001 -5.43161749999996)
portlocations.13,ESCAD,2110,1,POINT (36.5324707030001 -6.28149414099994)
portlocations.14,ESAGP,2110,1,POINT (36.7119140620001 -4.41778564499998)
portlocations.15,ESMOT,2110,2,POINT (36.723693848 -3.52947997999996)
portlocations.16,ESLEI,2110,1,POINT (36.83190918 -2.47540283199993)
portlocations.17,PTVDP,5106,6,POINT (36.940490723 -25.141296387)
portlocations.18,PTFAO,2107,6,POINT (37.0114746090001 -7.93341064499998)
portlocations.19,PTPRM,2110,3,POINT (37.137329102 -8.53308105499997)
portlocations.20,ESHUV,5106,1,POINT (37.2495117190001 -6.95788574199997)
portlocations.21,ESSVQ,2110,3,POINT (37.366271973 -6.02252197299993)
portlocations.22,ESCAR,2109,1,POINT (37.5975861260001 -0.984409041999925)
portlocations.23,PTPDL,5106,5,POINT (37.7416992190001 -25.657592773)
portlocations.24,PTSIE,2110,1,POINT (37.953835 -8.86676799999998)
portlocations.25,ESALC,2110,1,POINT (38.3344726560001 -0.489807128999928)
portlocations.26,PTSET,2110,3,POINT (38.5206909180001 -8.88879394499997)
portlocations.27,PTHOR,2109,5,POINT (38.5280761720001 -28.624389648)
portlocations.28,PTCDP,2109,6,POINT (38.5314941410001 -28.320129395)
portlocations.29,PTADH,5106,6,POINT (38.653686523 -27.218383789)
portlocations.30,PTVEL,5106,5,POINT (38.678527832 -28.210021973)
portlocations.31,PTLIS,2110,1,POINT (38.727018 -9.10533949999996)
portlocations.32,PTPRV,2109,6,POINT (38.7286987300001 -27.060913086)
portlocations.33,PTPRG,5105,7,POINT (39.052307129 -27.97052002)
portlocations.34,PTLAJ,5105,7,POINT (39.3795166020001 -31.1704101559999)
portlocations.35,ESVLC,2110,1,POINT (39.4492079130001 -0.320764475999965)
portlocations.36,ESCAS,2110,1,POINT (39.9708025 0.0217620000000238)
portlocations.37,PTFDF,2110,3,POINT (40.1486816410001 -8.85809326199995)
portlocations.38,PTAVE,2110,1,POINT (40.649291992 -8.72991943399995)
portlocations.39,MQFDF,9998,1,POINT (14.599487305 -61.066711426)
portlocations.40,GPPTP,2109,1,POINT (16.233703613 -61.53302002)
portlocations.41,PTLEI,2109,1,POINT (41.1830995 -8.70298149999996)
portlocations.42,PTVDC,2110,2,POINT (41.683898926 -8.84228515599995)
portlocations.43,ESVGO,2110,1,POINT (42.241088867 -8.72998046899994)
portlocations.44,ESMPG,9998,1,POINT (42.398498535 -8.69329833999996)
portlocations.45,ESVIL,2107,3,POINT (42.5966796870001 -8.77539062499994)
portlocations.46,ESPAS,5106,6,POINT (43.321899414 -1.91979980499997)
portlocations.47,ESBIO,2109,1,POINT (43.3469545 -3.03222249999993)
portlocations.48,ESLCG,2110,1,POINT (43.3633955000001 -8.39575399999995)
portlocations.49,ESSDR,2110,1,POINT (43.457092285 -3.80841064499998)
portlocations.50,ESFRO,2110,1,POINT (43.476143 -8.24230599999993)
portlocations.51,FRBAY,2110,1,POINT (43.5065307620001 -1.48968505899995)
portlocations.52,ESGIJ,2110,1,POINT (43.5599555000001 -5.68559049999993)
portlocations.53,ESAVS,2110,2,POINT (43.5880737300001 -5.92932128899997)
portlocations.54,FRBOD,2109,5,POINT (44.8356933590001 -0.562988280999946)
portlocations.55,FRLRH,2110,3,POINT (46.1542968750001 -1.15917968799994)
portlocations.56,FRLSO,2110,3,POINT (46.494506836 -1.79119872999996)
portlocations.57,FRNTE,9998,1,POINT (47.1976928710001 -1.58258056599993)
portlocations.58,FRLRT,2110,3,POINT (47.7421264650001 -3.35009765599995)
portlocations.59,FRBES,2110,2,POINT (48.379699707 -4.47558593799994)
portlocations.60,FRSML,2110,1,POINT (48.645874023 -2.02807617199994)
portlocations.61,FRROS,2110,1,POINT (48.7243041990001 -3.98217773399995)
portlocations.62,FRCFR,2109,1,POINT (49.183898926 -0.352478026999961)
portlocations.63,FRURO,2110,1,POINT (49.4398803710001 1.04589843700006)
portlocations.64,FRLEH,2110,1,POINT (49.4796343610001 0.0964717860000519)
portlocations.65,FRCER,2110,1,POINT (49.6491088870001 -1.61322021499996)
portlocations.66,FRDPE,2110,1,POINT (49.934875488 1.08428955100004)
portlocations.67,GBFAL,2110,2,POINT (50.1535034180001 -5.05999755899995)
portlocations.68,GBFOY,5106,6,POINT (50.335327148 -4.63421630899995)
portlocations.69,GBPLY,2110,1,POINT (50.363098145 -4.13519287099996)
portlocations.70,GBWEY,2110,1,POINT (50.6058959960001 -2.44641113299997)
portlocations.71,GBPOO,2109,1,POINT (50.7120971680001 -1.98278808599997)
portlocations.72,GBNHV,5106,1,POINT (50.7824707030001 0.0588989260000403)
portlocations.73,GBPME,2110,1,POINT (50.808898926 -1.10620117199994)
portlocations.74,GBSHO,2110,1,POINT (50.8306884770001 -0.250915526999961)
portlocations.75,GBSOU,2110,1,POINT (50.8963216400001 -1.40591093899997)
portlocations.76,GBMED,9998,1,POINT (51.400561494 0.552908627000022)
portlocations.77,GBBRS,2110,1,POINT (51.4497070310001 -2.62402343799994)
portlocations.78,GBCDF,2109,1,POINT (51.4533081050001 -3.15960693399995)
portlocations.79,GBLON,2109,1,POINT (51.5054245000001 -0.0791379999999435)
portlocations.80,GBNPT,2110,3,POINT (51.567504883 -2.98608398399995)
portlocations.81,GBPTB,2110,1,POINT (51.5763205000001 -3.79768999999993)
portlocations.82,GBSWA,2110,1,POINT (51.6154785160001 -3.92980956999997)
portlocations.83,IEBYT,2107,7,POINT (51.6810913090001 -9.45898437499994)
portlocations.84,IEKLN,2110,3,POINT (51.701477051 -8.51770019499997)
portlocations.85,GBMLF,2109,1,POINT (51.709508015 -5.02986324399996)
portlocations.86,IEORK,2110,1,POINT (51.901672363 -8.43548583999996)
portlocations.87,GBFIS,2109,1,POINT (52.014709473 -4.98260497999996)
portlocations.88,IEROS,9998,1,POINT (52.255493164 -6.33862304699994)
portlocations.89,IEWAT,2108,6,POINT (52.262084961 -7.11218261699997)
portlocations.90,IENRS,2109,5,POINT (52.3942871090001 -6.94549560499996)
portlocations.91,IELMK,2108,1,POINT (52.66807284 -8.62538718799993)
portlocations.92,GBBOS,2109,5,POINT (52.968078613 -0.0158081049999623)
portlocations.93,IEGWY,5106,5,POINT (53.268676758 -9.04400634799993)
portlocations.94,IEDLG,2109,1,POINT (53.2973022460001 -6.13299560499996)
portlocations.95,GBHLY,2110,1,POINT (53.3126831050001 -4.62359619099993)
portlocations.96,GBCHE,2109,2,POINT (53.319885254 -3.26300048799993)
portlocations.97,IEDUB,2110,1,POINT (53.34784039 -6.22392966399997)
portlocations.98,GBLIV,2110,1,POINT (53.4450633120001 -3.01351072099993)
portlocations.99,GBMNC,2109,1,POINT (53.4711303710001 -2.29687499999994)
portlocations.100,GBIMM,2110,1,POINT (53.6308896150001 -0.188015618999941)
portlocations.101,GB203,9998,8,POINT (53.6588745120001 -0.690979003999928)
portlocations.102,GBGOO,2110,3,POINT (53.700073242 -0.86688232399996)
portlocations.103,IEDRO,2109,5,POINT (53.7166748050001 -6.33331298799993)
portlocations.104,GB221,9998,1,POINT (53.73930533 -0.27040470299994)
portlocations.105,GBHUL,9998,1,POINT (53.7426985000001 -0.296915499999955)
portlocations.106,GBFLE,2108,8,POINT (53.921691895 -3.00567626999998)
portlocations.107,IEDDK,2108,6,POINT (54.0076904300001 -6.38769531299994)
portlocations.108,GBHYM,2110,1,POINT (54.0328979490001 -2.92291259799993)
portlocations.109,GBWPT,2109,5,POINT (54.0979003910001 -6.25079345699993)
portlocations.110,GBBIF,2110,3,POINT (54.0993041990001 -3.23217773399995)
portlocations.111,GBWHV,2111,3,POINT (54.55090332 -3.59271240199996)
portlocations.112,GBMME,9998,1,POINT (54.617946439 -1.15883831999997)
portlocations.113,GBBEL,2110,1,POINT (54.6385460000001 -5.87452099999996)
portlocations.114,GBKPS,2109,8,POINT (54.720275879 -5.76538085899995)
portlocations.115,GBLAR,2110,1,POINT (54.8515014650001 -5.79669189499998)
portlocations.116,GBSTR,2109,1,POINT (54.9080810550001 -5.02502441399997)
portlocations.117,GBSUN,2110,3,POINT (54.917297363 -1.36132812499994)
portlocations.118,GBCYN,9998,1,POINT (54.967102051 -5.01788330099993)
portlocations.119,GBTYN,2110,1,POINT (54.9909057620001 -1.44598388699995)
portlocations.120,GBLDY,5106,5,POINT (54.9984741210001 -7.31860351599994)
portlocations.121,GBTRN,2110,1,POINT (55.546508789 -4.66857910199997)
portlocations.122,GBCYP,9998,1,POINT (55.867555628 -4.32117351199997)
portlocations.123,GBFOR,9998,1,POINT (56.0549125000001 -3.23824499999995)
portlocations.124,GBOBA,2109,5,POINT (56.4146728520001 -5.47430419899996)
portlocations.125,GBDUN,2109,6,POINT (56.465881348 -2.91949462899993)
portlocations.126,GBGSA,2109,6,POINT (56.5682983400001 -5.53240966799996)
portlocations.127,GBABD,2109,2,POINT (57.141479492 -2.07537841799996)
portlocations.128,GBPHD,5106,6,POINT (57.501098633 -1.77191162099996)
portlocations.129,GBCRN,5106,6,POINT (57.682495117 -4.03808593799994)
portlocations.130,GBKWL,2109,1,POINT (58.9883575000001 -2.96185099999997)
portlocations.131,GBLER,2109,6,POINT (60.1542968750001 -1.13970947299993)
portlocations.132,GBSUL,2110,1,POINT (60.4567640000001 -1.28177299999993)
portlocations.133,GBKLR,2109,8,POINT (54.720275879 -5.76538085899995)
portlocations.134,DESTR,2111,1,POINT (48.7741322840001 9.24771648900003)
portlocations.135,DEFRA,2111,4,POINT (50.1078628880001 8.70508172000007)
portlocations.136,DEHAU,2108,2,POINT (50.116148428 8.91922449100002)
portlocations.137,DEWLM,2107,1,POINT (51.5297119640001 6.70162410200004)
portlocations.138,DEMAG,2111,1,POINT (52.138681998 11.654741154)
portlocations.139,DEMID,2108,2,POINT (52.3054783650001 8.92236234100005)
portlocations.140,CYZYY,2108,8,POINT (34.730369501 33.3372765)
portlocations.141,TRANA,9998,8,POINT (36.068127921 32.8648575760001)
portlocations.142,TRKAS,2109,6,POINT (36.2 29.6333333330001)
portlocations.143,TRFIN,2109,6,POINT (36.283333333 30.15)
portlocations.144,TRTAS,2109,6,POINT (36.3166666670001 33.9)
portlocations.145,TRALA,2109,6,POINT (36.533333333 32.0000000000001)
portlocations.146,TRISK,2109,6,POINT (36.5948254460001 36.1890119710001)
portlocations.147,TRKMR,2109,8,POINT (36.596997086 30.584548264)
portlocations.148,TRFET,2109,6,POINT (36.650893313 29.1180584470001)
portlocations.149,TRDAT,2109,7,POINT (36.716666667 27.6833333330001)
portlocations.150,TRGCK,2109,6,POINT (36.749398774 28.930121532)
portlocations.151,TRMER,9998,8,POINT (36.788074432 34.6264469500001)
portlocations.152,TRBOT,2107,6,POINT (36.8212990060001 36.174017486)
portlocations.153,TRAYT,9998,6,POINT (36.8374601350001 30.604019352)
portlocations.154,TRMRM,2109,6,POINT (36.8500000000001 28.266666667)
portlocations.155,TRBXN,2109,6,POINT (37.033333333 27.4333333330001)
portlocations.156,TRGUL,2109,8,POINT (37.247837395 27.6019851360001)
portlocations.157,TRKUS,2109,6,POINT (37.8666666670001 27.266666667)
portlocations.158,GRARM,5107,7,POINT (38.186846931 20.482866088)
portlocations.159,TRCES,2109,5,POINT (38.3166666670001 26.3000000000001)
portlocations.160,TRIZM,2109,7,POINT (38.441337022 27.1511034660001)
portlocations.161,TRFOC,2107,7,POINT (38.666892164 26.750377864)
portlocations.162,TRALI,2109,6,POINT (38.832940299 26.945308142)
portlocations.163,TRDIK,2109,6,POINT (39.0666666670001 26.8833333330001)
portlocations.164,TRAYV,2109,6,POINT (39.315366033 26.6862254070001)
portlocations.165,GRMOL,9998,8,POINT (39.368991023 26.1667874710001)
portlocations.166,TREDO,9998,8,POINT (39.5666666670001 26.966666667)
portlocations.167,TRBZC,9998,8,POINT (39.8336104810001 26.066944161)
portlocations.168,TRCKZ,2109,8,POINT (40.15 26.4)
portlocations.169,TRGCA,2107,8,POINT (40.1833333330001 25.9166666670001)
portlocations.170,TRBDM,2107,6,POINT (40.3500000000001 27.966666667)
portlocations.171,TRMUD,2109,7,POINT (40.374140363 28.889084462)
portlocations.172,TRERK,2109,6,POINT (40.4 27.8000000000001)
portlocations.173,TRKRB,2109,6,POINT (40.403401968 27.311056879)
portlocations.174,TRGEL,2109,6,POINT (40.4169062670001 26.6834163570001)
portlocations.175,TRGEM,2109,6,POINT (40.4333333330001 29.1666666670001)
portlocations.176,TRMRA,9998,8,POINT (40.586780633 27.550456598)
portlocations.177,TRYAL,2109,6,POINT (40.658157223 29.26862313)
portlocations.178,TRENE,2109,6,POINT (40.7333333330001 26.1)
portlocations.179,TRIZT,2109,6,POINT (40.766666667 29.9166666670001)
portlocations.180,TRSUR,9998,8,POINT (40.9128003590001 40.122163067)
portlocations.181,TRGIR,2109,6,POINT (40.926130442 38.389042854)
portlocations.182,TRAMB,9998,8,POINT (40.9686632 28.6832667370001)
portlocations.183,TRTEK,2109,6,POINT (40.9720722100001 27.5120936220001)
portlocations.184,TRORD,2109,6,POINT (40.9985558440001 37.8770162260001)
portlocations.185,TRTZX,2109,6,POINT (41.0000000000001 39.7333333330001)
portlocations.186,TRTIR,2109,6,POINT (41.009681997 38.8150504290001)
portlocations.187,TRIST,2109,6,POINT (41.016666667 28.966666667)
portlocations.188,TRVAK,2107,6,POINT (41.033333333 39.266666667)
portlocations.189,TRGOR,2109,6,POINT (41.0391349980001 38.997684328)
portlocations.190,TRRIZ,2109,8,POINT (41.039933401 40.5066355860001)
portlocations.191,TRFAS,2109,6,POINT (41.0494402140001 37.4820892880001)
portlocations.192,TRSIL,2109,6,POINT (41.06758361 28.250920497)
portlocations.193,TRUNY,2109,5,POINT (41.1365877210001 37.2933615760001)
portlocations.194,TRKFK,2109,7,POINT (41.1632689520001 30.2117280250001)
portlocations.195,TRPZR,2107,6,POINT (41.1666666670001 40.8833333330001)
portlocations.196,TRSLE,2109,5,POINT (41.1797679540001 29.6083198950001)
portlocations.197,ESVLG,2107,4,POINT (41.2166264140001 1.73502865000006)
portlocations.198,ESVCC,2111,3,POINT (41.236730827 1.86590597000003)
portlocations.199,TRERE,2109,6,POINT (41.3000000000001 31.4333333330001)
portlocations.200,TRSSX,2109,6,POINT (41.3048372170001 36.340630639)
portlocations.201,TRHOP,2109,6,POINT (41.4161713670001 41.4346749150001)
portlocations.202,TRZON,2109,6,POINT (41.464915149 31.789170987)
portlocations.203,TRBTN,2109,6,POINT (41.691025359 32.2331044900001)
portlocations.204,TRAMA,2109,6,POINT (41.7494500060001 32.393357602)
portlocations.205,TRGZE,9998,8,POINT (41.8055829100001 35.204740305)
portlocations.206,ESPAL,2110,3,POINT (41.8446522770001 3.12857326400007)
portlocations.207,TRIGN,2109,8,POINT (41.8762852180001 27.9899252070001)
portlocations.208,TRINE,2109,6,POINT (41.9772664560001 33.7645464870001)
portlocations.209,TRSIC,2109,6,POINT (42.0216533560001 35.154934714)
portlocations.210,DKMNS,9998,8,POINT (55.0073451710001 11.9020308630001)
portlocations.211,EEBEK,2107,8,POINT (59.4528867000001 24.6627772000001)
portlocations.212,CYLMS,2110,1,POINT (34.652893066 33.016479492)
portlocations.213,CYMOI,2109,7,POINT (34.7089233400001 33.1853027340001)
portlocations.214,CYLCA,2110,3,POINT (34.927307129 33.641906738)
portlocations.215,GRANI,5105,6,POINT (35.1840820310001 25.7141113280001)
portlocations.216,GRCSF,5105,1,POINT (35.200073242 24.1369018550001)
portlocations.217,GRJSH,5106,5,POINT (35.212524414 26.110900879)
portlocations.218,GRROU,2101,1,POINT (35.229309082 23.960510254)
portlocations.219,GRHER,9998,1,POINT (35.3444824220001 25.1469116210001)
portlocations.220,GRRET,2107,1,POINT (35.371887207 24.475891113)
portlocations.221,GRKSJ,2109,7,POINT (35.4323120120001 26.9860839840001)
portlocations.222,GRSUD,2110,1,POINT (35.4896850590001 24.0648803710001)
portlocations.223,ITLMP,5106,6,POINT (35.4943237300001 12.6102905270001)
portlocations.224,GRKIS,9998,8,POINT (35.4996948240001 23.655090332)
portlocations.225,GRAOK,2109,6,POINT (35.508117676 27.21270752)
portlocations.226,GRCHQ,9998,2,POINT (35.516723633 24.0172729490001)
portlocations.227,MTMAR,5106,6,POINT (35.839904785 14.5446777340001)
portlocations.228,MTMLA,2110,1,POINT (35.894104004 14.5128784180001)
portlocations.229,MTCKW,2106,1,POINT (35.9896850590001 14.328674316)
portlocations.230,MTMGZ,2107,1,POINT (36.0241088870001 14.3002929690001)
portlocations.231,GRHAL,2107,8,POINT (36.2175292970001 27.59967041)
portlocations.232,GRAPE,5106,1,POINT (36.3278808590001 22.9838867190001)
portlocations.233,GRJTR,5106,1,POINT (36.4196777340001 25.425109863)
portlocations.234,GRRHO,2110,1,POINT (36.4464721680001 28.2316894530001)
portlocations.235,GRELN,9998,7,POINT (36.507873535 22.981506348)
portlocations.236,GRNEA,9998,1,POINT (36.508117676 23.060913086)
portlocations.237,GRJTY,5105,7,POINT (36.5416870120001 26.353881836)
portlocations.238,GRNIS,2107,8,POINT (36.558898926 27.16809082)
portlocations.239,GRSYM,5105,1,POINT (36.616271973 27.839904785)
portlocations.240,GRFOL,5105,7,POINT (36.6312866210001 24.9187011720001)
portlocations.241,GRMON,5107,7,POINT (36.684692383 23.0380859370001)
portlocations.242,ITPZL,2110,1,POINT (36.717102051 14.8283081050001)
portlocations.243,GRMLO,9998,1,POINT (36.72467041 24.4454956050001)
portlocations.244,GRIOS,5106,1,POINT (36.7260742190001 25.2728881840001)
portlocations.245,GRGYT,9998,8,POINT (36.757873535 22.5682983400001)
portlocations.246,GRKMS,2107,7,POINT (36.796691895 24.5892944340001)
portlocations.247,GRAMO,9998,7,POINT (36.8248901370001 25.906311035)
portlocations.248,ITPNL,2109,1,POINT (36.834106445 11.9406738280001)
portlocations.249,GRKGS,2110,1,POINT (36.89831543 27.2902832030001)
portlocations.250,GRPYL,5107,5,POINT (36.9152832030001 21.6975097660001)
portlocations.251,GRKMI,2108,1,POINT (36.9511108400001 26.9865112300001)
portlocations.252,GRKLX,2109,6,POINT (37.024475098 22.1198730470001)
portlocations.253,GRANP,9998,1,POINT (37.0402832030001 25.0848999020001)
portlocations.254,ITSIR,2110,3,POINT (37.0626831050001 15.290100098)
portlocations.255,ITGEA,2110,3,POINT (37.0682983400001 14.230102539)
portlocations.256,GRPAS,2109,1,POINT (37.0861206050001 25.14831543)
portlocations.257,GRJNX,5106,1,POINT (37.10168457 25.3720703120001)
portlocations.258,ITSPA,2110,1,POINT (37.1103668750001 15.256327651)
portlocations.259,GRLND,2109,6,POINT (37.145874023 22.892700195)
portlocations.260,GRSER,5105,1,POINT (37.14630127 24.517700195)
portlocations.261,GRLRS,9998,1,POINT (37.198120117 26.766906738)
portlocations.262,ITAUG,2109,1,POINT (37.2175710000001 15.2208460000001)
portlocations.263,GRSPE,5106,1,POINT (37.2694702150001 23.155883789)
portlocations.264,ITPEM,2110,3,POINT (37.2860717770001 13.531311035)
portlocations.265,GRPMS,2107,1,POINT (37.294494629 26.525695801)
portlocations.266,GRPHE,9998,8,POINT (37.335510254 23.1245117190001)
portlocations.267,GRHYD,2108,1,POINT (37.350708008 23.464904785)
portlocations.268,GRERM,2109,1,POINT (37.3859252930001 23.248901367)
portlocations.269,GRKYT,9998,1,POINT (37.3911132810001 24.3964843750001)
portlocations.270,GRJSY,9998,1,POINT (37.4362792970001 24.942687988)
portlocations.271,GRJMK,2108,1,POINT (37.451477051 25.3292846680001)
portlocations.272,ITCTA,2110,1,POINT (37.491516113 15.0957031250001)
portlocations.273,GRGAL,2108,1,POINT (37.4974975590001 23.447875977)
portlocations.274,GRPTR,9998,1,POINT (37.49987793 23.4506835940001)
portlocations.275,GRFOU,2107,8,POINT (37.503479004 26.4953002930001)
portlocations.276,GRTIN,5106,1,POINT (37.53527832 25.1630859370001)
portlocations.277,GRNAF,2109,5,POINT (37.570678711 22.8016967770001)
portlocations.278,GRMET,5106,1,POINT (37.58190918 23.392883301)
portlocations.279,GRAKI,2107,7,POINT (37.583129883 26.2416992190001)
portlocations.280,GREYD,9998,1,POINT (37.63092041 26.1787109370001)
portlocations.281,GRKAK,2110,3,POINT (37.645874023 21.3190917970001)
portlocations.282,GRKEA,2107,1,POINT (37.662719727 24.3117065430001)
portlocations.283,GRPYT,2107,7,POINT (37.6879272460001 26.952514648)
portlocations.284,GRLAV,2110,1,POINT (37.71270752 24.0656738280001)
portlocations.285,GRAGG,5105,1,POINT (37.7130737300001 23.346496582)
portlocations.286,GRAEG,2108,1,POINT (37.7438964840001 23.4244995120001)
portlocations.287,GRVTH,5105,1,POINT (37.758117676 26.970275879)
portlocations.288,GRSLA,9998,1,POINT (37.773071289 23.487915039)
portlocations.289,GRZTH,2107,1,POINT (37.7836914060001 20.9035034180001)
portlocations.290,GRKAR,2107,1,POINT (37.7985229490001 26.6809082030001)
portlocations.291,GRAND,2108,8,POINT (37.840881348 24.935913086)
portlocations.292,GRGAV,5106,1,POINT (37.8847045900001 24.7351074220001)
portlocations.293,GRSHI,9998,8,POINT (37.908325195 20.7064819340001)
portlocations.294,GRITM,2107,6,POINT (37.914123535 23.009094238)
portlocations.295,GRAGT,2107,1,POINT (37.9175592190001 23.116502245)
portlocations.296,ITFAV,2109,1,POINT (37.934875488 12.3334960940001)
portlocations.297,GRKYL,2110,1,POINT (37.939086914 21.150512695)
portlocations.298,GRPIR,2110,1,POINT (37.9426385 23.6408655000001)
portlocations.299,GRPAO,2107,1,POINT (37.9608764650001 23.526916504)
portlocations.300,GRPER,2110,1,POINT (37.9611206050001 23.584106445)
portlocations.301,GRPAX,9998,1,POINT (37.972473145 23.381713867)
portlocations.302,GRMGR,2109,1,POINT (37.978088379 23.3502807620001)
portlocations.303,ITTRI,2110,3,POINT (37.9843139650001 13.7062988280001)
portlocations.304,GRFNR,2101,1,POINT (37.985473633 23.434875488)
portlocations.305,ITLEV,9998,1,POINT (37.987121582 12.3405151370001)
portlocations.306,GRKST,2108,6,POINT (38.012512207 24.4201049800001)
portlocations.307,ITTPS,2109,1,POINT (38.013305664 12.506896973)
portlocations.308,GRKIO,2109,5,POINT (38.01550293 22.7495117190001)
portlocations.309,GRRAF,2109,1,POINT (38.017700195 24.017700195)
portlocations.310,ITCTR,2110,3,POINT (38.0307006840001 12.8781127930001)
portlocations.311,GREEU,9998,1,POINT (38.0350744240001 23.540275394)
portlocations.312,GRMRM,5106,1,POINT (38.046691895 24.3217163090001)
portlocations.313,ITREG,2110,1,POINT (38.12487793 15.651916504)
portlocations.314,ITPMO,2110,1,POINT (38.1290893550001 13.3668823240001)
portlocations.315,GRPKE,2109,1,POINT (38.1477050780001 20.7871093750001)
portlocations.316,GRNST,5105,1,POINT (38.179077148 24.2077026370001)
portlocations.317,ITMSN,2110,1,POINT (38.190307617 15.557678223)
portlocations.318,GRDMB,2108,8,POINT (38.1920776370001 23.0516967770001)
portlocations.319,GRLIX,2109,1,POINT (38.198120117 20.44128418)
portlocations.320,ITMLZ,2109,1,POINT (38.2148430930001 15.243249527)
portlocations.321,GRSMI,5106,1,POINT (38.252075195 20.644104004)
portlocations.322,GRGPA,9998,1,POINT (38.254699707 21.735473633)
portlocations.323,GRAEN,9998,1,POINT (38.25592041 22.0892944340001)
portlocations.324,GRRIO,2108,1,POINT (38.3126831050001 21.779907227)
portlocations.325,GRMEN,9998,8,POINT (38.32208252 21.3698730470001)
portlocations.326,GRORO,9998,1,POINT (38.32208252 23.7973022460001)
portlocations.327,GRANT,5105,1,POINT (38.326477051 21.7661132810001)
portlocations.328,GRITH,2109,1,POINT (38.36529541 20.7194824220001)
portlocations.329,GRMEL,2107,7,POINT (38.3671264650001 21.4323120120001)
portlocations.330,GRJKH,2107,1,POINT (38.3690795900001 26.138305664)
portlocations.331,GRATK,2108,6,POINT (38.377319336 22.6325073240001)
portlocations.332,GRERE,2107,1,POINT (38.3903198240001 23.7968750000001)
portlocations.333,GRLVR,9998,7,POINT (38.395324707 24.0437011720001)
portlocations.334,ITVUL,9998,1,POINT (38.41607666 14.9608764650001)
portlocations.335,GRITA,5106,7,POINT (38.4309082030001 22.42388916)
portlocations.336,ITGIT,2110,1,POINT (38.444356713 15.890313785)
portlocations.337,GRCLK,5105,7,POINT (38.457092285 23.5927124020001)
portlocations.338,GRFIS,5105,7,POINT (38.466674805 20.5734863280001)
portlocations.339,ITLIP,5106,1,POINT (38.470092773 14.957092285)
portlocations.340,GRINO,9998,7,POINT (38.513305664 26.2199096680001)
portlocations.341,GRAST,2109,6,POINT (38.534484863 21.083312988)
portlocations.342,GRPAA,5105,7,POINT (38.54107666 25.564086914)
portlocations.343,ITSLA,2109,1,POINT (38.5651245120001 14.874084473)
portlocations.344,GRLRY,2108,6,POINT (38.5709228520001 23.2880859370001)
portlocations.345,GRPTK,2108,5,POINT (38.5822753910001 23.547912598)
portlocations.346,GRKIM,9998,1,POINT (38.6303100590001 24.124084473)
portlocations.347,GRMGN,2107,1,POINT (38.635070801 20.7575073240001)
portlocations.348,GRNID,2109,1,POINT (38.6964721680001 20.738891602)
portlocations.349,ITVVA,2110,1,POINT (38.716125488 16.1254882810001)
portlocations.350,GRARK,5105,1,POINT (38.7526855470001 23.0270996090001)
portlocations.351,GRAKO,9998,1,POINT (38.758911133 22.8602905270001)
portlocations.352,GRLEV,2107,1,POINT (38.844116211 20.7172851560001)
portlocations.353,GREDI,9998,1,POINT (38.8591308590001 23.0415039060001)
portlocations.354,GRAMF,5105,6,POINT (38.865112305 21.164672852)
portlocations.355,GRACL,9998,8,POINT (38.8903198240001 22.8226928710001)
portlocations.356,GRSYS,9998,8,POINT (38.91027832 22.616088867)
portlocations.357,GRSKU,2108,1,POINT (38.9177246090001 24.5792846680001)
portlocations.358,GRPVK,5106,1,POINT (38.950317383 20.7570800780001)
portlocations.359,GRGLY,2107,1,POINT (38.9520874020001 22.9672851560001)
portlocations.360,ITPFX,2107,1,POINT (39.0796914650001 9.02219045800007)
portlocations.361,ITCRV,2110,3,POINT (39.086730957 17.121704102)
portlocations.362,GRMJT,9998,1,POINT (39.1022949220001 26.5568847660001)
portlocations.363,ITCLS,5106,1,POINT (39.114074707 8.37188720700004)
portlocations.364,GRSKO,2109,1,POINT (39.1245117190001 23.7294921870001)
portlocations.365,GRALO,5105,1,POINT (39.144104004 23.8676757810001)
portlocations.366,ITCLF,5106,1,POINT (39.144897461 8.30908203100006)
portlocations.367,GRJSI,2109,1,POINT (39.160522461 23.4918823240001)
portlocations.368,GRGLO,9998,7,POINT (39.165893555 23.616516113)
portlocations.369,ITPVE,2110,1,POINT (39.198120117 8.39410400400004)
portlocations.370,ITCAG,2110,1,POINT (39.2119140620001 9.10510253900003)
portlocations.371,GRVOL,2110,1,POINT (39.3557128910001 22.950073242)
portlocations.372,GRLFK,5105,1,POINT (39.4146728520001 20.0958862300001)
portlocations.373,GRIGO,5105,1,POINT (39.500305176 20.264709473)
portlocations.374,ESPMI,2107,1,POINT (39.567868908 2.63134940700007)
portlocations.375,GRCFU,2107,1,POINT (39.6276855470001 19.9057006840001)
portlocations.376,GRAGK,5105,1,POINT (39.68347168 22.885314941)
portlocations.377,ITQOS,2110,2,POINT (39.8671264650001 8.55090332000003)
portlocations.378,GRMYR,2108,1,POINT (39.873901367 25.0612792970001)
portlocations.379,GRMDR,5105,7,POINT (39.874084473 25.266479492)
portlocations.380,GRDAF,2107,1,POINT (40.217102051 24.2229003910001)
portlocations.381,GRNMA,5105,6,POINT (40.239074707 23.2792968750001)
portlocations.382,GRYER,5105,7,POINT (40.2694702150001 23.446105957)
portlocations.383,GROUR,5105,1,POINT (40.3248901370001 23.981079102)
portlocations.384,GRAMI,2109,1,POINT (40.335510254 23.922912598)
portlocations.385,GRTRY,9998,1,POINT (40.364318848 23.921508789)
portlocations.386,GRSAM,5105,1,POINT (40.471496582 25.4650878910001)
portlocations.387,ITTAR,2110,1,POINT (40.4773414580001 17.190115512)
portlocations.388,GRSTI,9998,8,POINT (40.5175170900001 23.8312988280001)
portlocations.389,ITPRJ,2108,1,POINT (40.5559082030001 14.243286133)
portlocations.390,ITAHO,2110,3,POINT (40.5661010740001 8.31829834000007)
portlocations.391,ITPOS,2108,1,POINT (40.627319336 14.4865112300001)
portlocations.392,ITRRO,2109,1,POINT (40.6320800780001 14.385070801)
portlocations.393,ITAMA,5106,1,POINT (40.6334838870001 14.600708008)
portlocations.394,GRSKG,2110,1,POINT (40.636350593 22.9282861790001)
portlocations.395,ITBDS,2110,1,POINT (40.6469000000001 17.977206)
portlocations.396,GRSHA,9998,7,POINT (40.66607666 23.701477051)
portlocations.397,ITSAL,2110,1,POINT (40.677124023 14.741271973)
portlocations.398,ITCAS,2110,1,POINT (40.6928710940001 14.475708008)
portlocations.399,ITPDI,9998,1,POINT (40.7438964840001 13.939086914)
portlocations.400,ITCML,2109,1,POINT (40.7509155270001 13.9166870120001)
portlocations.401,ITPRO,2108,1,POINT (40.765930176 14.026489258)
portlocations.402,GRTSO,5106,1,POINT (40.7814941410001 24.711303711)
portlocations.403,ITPOZ,2110,1,POINT (40.826721191 14.1176757810001)
portlocations.404,ITNAP,2109,1,POINT (40.8400115000001 14.276083)
portlocations.405,ITPTO,2109,1,POINT (40.843078613 8.40270996100003)
portlocations.406,GRAXD,2109,1,POINT (40.84387207 25.8833007810001)
portlocations.407,GRELT,9998,8,POINT (40.850891113 24.31628418)
portlocations.408,GRKER,5106,1,POINT (40.859924316 24.700500488)
portlocations.409,ITPNZ,2108,1,POINT (40.8944702150001 12.963684082)
portlocations.410,ITOLB,2109,1,POINT (40.922912598 9.52447509800004)
portlocations.411,GRKVA,5106,1,POINT (40.929321289 24.4133300780001)
portlocations.412,ITGAI,2110,1,POINT (40.9982910160001 9.62310791000004)
portlocations.413,GRPTL,2109,7,POINT (40.9982910160001 25.1276855470001)
portlocations.414,ESTAR,2110,1,POINT (41.102062 1.23276200000004)
portlocations.415,ITBRI,2110,1,POINT (41.1334838870001 16.861877441)
portlocations.416,ITPAU,5106,1,POINT (41.1818847660001 9.38470459000007)
portlocations.417,ITMDA,9998,1,POINT (41.211486816 9.40527343700006)
portlocations.418,ITGAE,2110,2,POINT (41.2230834960001 13.5704956050001)
portlocations.419,ITSTE,5105,1,POINT (41.242492676 9.19531250000006)
portlocations.420,ITFOM,5106,1,POINT (41.253479004 13.6080932620001)
portlocations.421,ITBLT,2109,1,POINT (41.325500488 16.285705566)
portlocations.422,ESBCN,2110,1,POINT (41.353088859 2.16569367000005)
portlocations.423,FRBON,5106,1,POINT (41.3864746090001 9.16070556600005)
portlocations.424,ITANZ,2110,1,POINT (41.4478759770001 12.6333007810001)
portlocations.425,FRPVO,2110,3,POINT (41.58972168 9.28387451200007)
portlocations.426,ITMFR,5106,5,POINT (41.625305176 15.9157104490001)
portlocations.427,ITFCO,2110,1,POINT (41.770874023 12.2207031250001)
portlocations.428,FRAJA,2110,1,POINT (41.9196777340001 8.74011230500003)
portlocations.429,REPDG,9998,8,POINT (-20.93593075 55.2823450500001)
portlocations.430,ITTMI,2110,1,POINT (42.0029296870001 14.99987793)
portlocations.431,MEBAR,2101,1,POINT (42.090881348 19.081115723)
portlocations.432,ITCVV,2110,1,POINT (42.0920560000001 11.7891685000001)
portlocations.433,ITTMT,9998,1,POINT (42.1220703120001 15.5119018550001)
portlocations.434,ITOTN,2110,2,POINT (42.349487305 14.41027832)
portlocations.435,ITIDG,9998,1,POINT (42.360473633 10.9196777340001)
portlocations.436,ITPSS,2111,1,POINT (42.436096191 11.125305176)
portlocations.437,BGBOJ,2110,1,POINT (42.4834825 27.4709490000001)
portlocations.438,FRILR,5105,1,POINT (42.6364746090001 8.93890380900007)
portlocations.439,HRDBV,2107,1,POINT (42.658508301 18.085510254)
portlocations.440,FRBIA,2109,1,POINT (42.703674316 9.45709228500004)
portlocations.441,HRSBR,2109,1,POINT (42.7396850590001 17.5971069340001)
portlocations.442,ITPFE,2110,1,POINT (42.8137207030001 10.3239135740001)
portlocations.443,ITRMA,5106,1,POINT (42.815490723 10.4287109370001)
portlocations.444,ITPIO,2110,1,POINT (42.9302978520001 10.545288086)
portlocations.445,HRKOR,2109,1,POINT (42.9628906250001 17.1356811520001)
portlocations.446,HRVLK,2109,1,POINT (42.9642944340001 16.7163085940001)
portlocations.447,HRTRJ,2107,1,POINT (43.0109252930001 17.2694702150001)
portlocations.448,FRNOU,2109,2,POINT (43.016479492 3.06390380900007)
portlocations.449,HRPLE,2111,1,POINT (43.050109863 17.428283691)
portlocations.450,HRVIS,2109,1,POINT (43.068908691 16.203674316)
portlocations.451,FRTLN,2110,1,POINT (43.1179199220001 5.91589355500003)
portlocations.452,HRSUC,2107,1,POINT (43.1223144530001 17.1787109370001)
portlocations.453,HRHVA,2109,1,POINT (43.1679077150001 16.442504883)
portlocations.454,HRSGD,2107,1,POINT (43.1845092770001 16.5971069340001)
portlocations.455,BGVAR,2110,1,POINT (43.193049208 27.919205677)
portlocations.456,HRBOL,2108,1,POINT (43.2592773440001 16.6500854490001)
portlocations.457,HRMAK,2109,1,POINT (43.286499023 17.020080566)
portlocations.458,FRMRS,2110,1,POINT (43.3331910000001 5.34500650000007)
portlocations.459,HRSUP,2109,1,POINT (43.3854980470001 16.5504760740001)
portlocations.460,FRSET,2110,1,POINT (43.397277832 3.70410156200006)
portlocations.461,HRRGC,2107,1,POINT (43.398498535 16.299682617)
portlocations.462,HRSPU,2109,1,POINT (43.5065307620001 16.4384765620001)
portlocations.463,HRTRO,2109,1,POINT (43.5153198240001 16.246704102)
portlocations.464,FRCEQ,2109,7,POINT (43.55090332 7.01489257800006)
portlocations.465,ITLIV,2109,1,POINT (43.5636405000001 10.303076)
portlocations.466,ITFAL,2110,3,POINT (43.647676919 13.3935587560001)
portlocations.467,ITAOI,2110,1,POINT (43.620910645 13.506896973)
portlocations.468,FRNCE,9998,1,POINT (43.693725586 7.28570556600005)
portlocations.469,HRSIB,2109,1,POINT (43.729309082 15.894897461)
portlocations.470,HRVDC,2109,1,POINT (43.758117676 15.7802734370001)
portlocations.471,ROMAG,2110,3,POINT (43.806274414 28.5913085940001)
portlocations.472,HRBNM,2107,1,POINT (43.93951416 15.4396972660001)
portlocations.473,ITMDC,2110,3,POINT (44.035705566 10.044311523)
portlocations.474,HRPRE,2109,1,POINT (44.076721191 15.193908691)
portlocations.475,ITSPE,2110,1,POINT (44.1067655000001 9.83272850000003)
portlocations.476,HRZAD,2109,1,POINT (44.116271973 15.2307128910001)
portlocations.477,ROCND,2110,1,POINT (44.138131968 28.657082958)
portlocations.478,HRBZA,2109,1,POINT (44.1544799800001 14.918273926)
portlocations.479,ROBAB,9998,2,POINT (44.176086426 28.39831543)
portlocations.480,ROMED,2108,2,POINT (44.24230957 28.3068847660001)
portlocations.481,ITSVN,2110,1,POINT (44.314199735 8.49652823600007)
portlocations.482,ROMID,9998,2,POINT (44.3447265620001 28.678283691)
portlocations.483,ITGOA,2110,1,POINT (44.4139497890001 8.91648942200004)
portlocations.484,ITRAN,2110,1,POINT (44.47052002 12.25567627)
portlocations.485,HRNVL,2109,1,POINT (44.551330566 14.88269043)
portlocations.486,HRJAB,2109,1,POINT (44.6997070310001 14.898071289)
portlocations.487,HRRAB,2109,1,POINT (44.7548828120001 14.766906738)
portlocations.488,HRPUY,2109,1,POINT (44.840881348 13.839904785)
portlocations.489,HRCRS,2109,1,POINT (44.9564819340001 14.4042968750001)
portlocations.490,HRKRK,2109,1,POINT (45.0236816410001 14.5858764650001)
portlocations.491,HRRAS,2107,8,POINT (45.0327148440001 14.046508789)
portlocations.492,HRRBC,2108,1,POINT (45.0792846680001 14.152709961)
portlocations.493,HRROV,2111,1,POINT (45.07989502 13.633911133)
portlocations.494,ROTCE,2109,3,POINT (45.1875000000001 28.814086914)
portlocations.495,HROMI,2109,5,POINT (45.208312988 14.5524902340001)
portlocations.496,ITCHI,5106,6,POINT (45.2252807620001 12.282104492)
portlocations.497,HRPOR,2108,1,POINT (45.2282714840001 13.5979003910001)
portlocations.498,ROBRA,2109,2,POINT (45.280883789 27.991516113)
portlocations.499,HRBAK,2109,6,POINT (45.301086426 14.54107666)
portlocations.500,HRRJK,2111,1,POINT (45.32409668 14.4345092770001)
portlocations.501,ITVCE,2109,1,POINT (45.4382935 12.304285)
portlocations.502,ROGAL,2110,1,POINT (45.4323120120001 28.0725097660001)
portlocations.503,SIPIR,5106,5,POINT (45.5283203120001 13.5682983400001)
portlocations.504,SIKOP,2110,1,POINT (45.5588135 13.740372)
portlocations.505,ITTRS,2109,1,POINT (45.65007 13.7546130000001)
portlocations.506,ITMNF,2110,3,POINT (45.7836914060001 13.536682129)
portlocations.507,ITPNG,2110,2,POINT (45.794311523 13.231079102)
portlocations.508,DEAND,2108,2,POINT (50.4431152340001 7.42510986300005)
portlocations.509,DELLS,9998,1,POINT (50.8226928710001 7.01672363300003)
portlocations.510,DECGN,2111,4,POINT (50.95489502 6.97790527300003)
portlocations.511,DENSS,2110,1,POINT (51.1857299800001 6.73327636700003)
portlocations.512,DEDUS,2108,1,POINT (51.222290039 6.76391601600005)
portlocations.513,DEKRE,2110,1,POINT (51.350891113 6.65747070300006)
portlocations.514,DEMUH,2107,4,POINT (51.4396972660001 6.85131835900006)
portlocations.515,DEDUI,2110,1,POINT (51.444702148 6.75128173800005)
portlocations.516,DEORS,5105,6,POINT (51.527893066 6.69012451200007)
portlocations.517,DEDTM,2111,3,POINT (51.530090332 7.43792724600007)
portlocations.518,DEGEK,2110,4,POINT (51.5394897460001 7.07647705100004)
portlocations.519,DERHB,5105,7,POINT (51.5704956050001 6.60308837900004)
portlocations.520,DEESU,2107,8,POINT (51.600891113 6.59552002000004)
portlocations.521,DEWES,2108,6,POINT (51.6508789060001 6.60168457000003)
portlocations.522,DESAR,2108,7,POINT (52.157104492 10.387512207)
portlocations.523,DEPEI,2108,5,POINT (52.304077148 10.2243041990001)
portlocations.524,DEBRE,2110,1,POINT (53.102905273 8.75787353500004)
portlocations.525,DEPAP,2110,3,POINT (53.109680176 7.36767578100006)
portlocations.526,DEOLO,2109,1,POINT (53.1412963870001 8.23730468700006)
portlocations.527,DELEE,2110,2,POINT (53.2185058590001 7.42608642600004)
portlocations.528,NLDZL,2110,3,POINT (53.331115723 6.94152832000003)
portlocations.529,DEEME,2110,1,POINT (53.3344726560001 7.17492675800003)
portlocations.530,DEWVN,2110,1,POINT (53.528734409 8.15891904000006)
portlocations.531,DEBRV,2110,1,POINT (53.5408967170001 8.57209738800003)
portlocations.532,DEHAM,2110,1,POINT (53.5415039060001 9.98052978500004)
portlocations.533,DEBMK,2107,1,POINT (53.559692383 6.75250244100005)
portlocations.534,DEWED,2109,1,POINT (53.570678711 9.69372558600003)
portlocations.535,DESTA,5106,6,POINT (53.6036987300001 9.47888183600003)
portlocations.536,DENOE,2111,1,POINT (53.627075195 7.15850830100004)
portlocations.537,DEBUZ,5105,7,POINT (53.660705566 9.50592041000004)
portlocations.538,DEJUI,2109,1,POINT (53.6718750000001 6.97888183600003)
portlocations.539,DEBEN,5105,1,POINT (53.67590332 7.57427978500004)
portlocations.540,DENES,2109,1,POINT (53.6853027340001 7.36187744100005)
portlocations.541,DENRD,2110,1,POINT (53.700500488 7.16589355500003)
portlocations.542,DENHS,5106,1,POINT (53.7009277340001 7.70428466800007)
portlocations.543,DECAR,5105,1,POINT (53.711303711 7.80932617200006)
portlocations.544,DEBMR,2107,1,POINT (53.722290039 7.36767578100006)
portlocations.545,DELGO,2108,1,POINT (53.72467041 7.49591064500004)
portlocations.546,DESPI,5105,1,POINT (53.7650756840001 7.69769287100007)
portlocations.547,DEGLU,5106,5,POINT (53.777893066 9.41607666000004)
portlocations.548,DEAGE,5105,1,POINT (53.7951049800001 7.89868164100005)
portlocations.549,DEWIF,5106,5,POINT (53.7974853520001 9.34930419900007)
portlocations.550,DELBC,2110,1,POINT (53.8688964840001 10.6754760740001)
portlocations.551,DECUX,2110,1,POINT (53.8710937500001 8.71148681600005)
portlocations.552,DEBEI,9998,1,POINT (53.8767089840001 9.42150878900003)
portlocations.553,DEWIS,2110,3,POINT (53.898498535 11.4572753910001)
portlocations.554,DEBRB,5106,1,POINT (53.898498535 9.15051269500003)
portlocations.555,DEITZ,9998,7,POINT (53.911499023 9.53411865200007)
portlocations.556,DENHO,2109,3,POINT (54.09387207 10.803527832)
portlocations.557,DEBUM,2110,1,POINT (54.1190795900001 8.85968017600004)
portlocations.558,FRBOL,2109,1,POINT (50.7250976560001 1.57751464800003)
portlocations.559,FRCQF,2110,1,POINT (50.9670956750001 1.85482729700004)
portlocations.560,FRDKK,2110,1,POINT (51.0160065000001 2.17892150000006)
portlocations.561,BEGNE,2110,1,POINT (51.085083008 3.74169921900005)
portlocations.562,GBDVR,2110,1,POINT (51.1230890000001 1.31747600000006)
portlocations.563,BEOST,2110,1,POINT (51.2351074220001 2.92187500000006)
portlocations.564,BEANR,2110,1,POINT (51.2539062500001 4.37567138700007)
portlocations.565,BEZEE,2110,1,POINT (51.3630255 3.19726450000007)
portlocations.566,GBRMG,2110,1,POINT (51.327697754 1.42028808600003)
portlocations.567,NLTNZ,2110,1,POINT (51.3372000000001 3.81386950000007)
portlocations.568,NLVLI,2110,1,POINT (51.4420620000001 3.59709700000008)
portlocations.569,NLMOE,2110,3,POINT (51.6998901370001 4.61651611300005)
portlocations.570,NLDOR,2110,2,POINT (51.8048706050001 4.64489746100003)
portlocations.571,NLZWI,2109,3,POINT (51.8156738280001 4.65368652300003)
portlocations.572,NLVLA,2110,1,POINT (51.9013061520001 4.36352539100005)
portlocations.573,NLRTM,2110,1,POINT (51.903686523 4.48370361300005)
portlocations.574,GBHRW,5106,1,POINT (51.949279785 1.28833007800006)
portlocations.575,GBFXT,2110,1,POINT (51.949968955 1.31342449200002)
portlocations.576,GBIPS,2109,6,POINT (52.0460815430001 1.16052246100003)
portlocations.577,NLSCE,2110,1,POINT (52.1010742190001 4.25408935500008)
portlocations.578,NLAMS,2110,1,POINT (52.398071289 4.87847900400004)
portlocations.579,NLZAA,2110,3,POINT (52.429077148 4.83508300800003)
portlocations.580,GBGTY,5106,7,POINT (52.571105957 1.73547363300003)
portlocations.581,NLDHR,2110,3,POINT (52.9664916990001 4.78491210900006)
portlocations.582,NLHAR,2110,3,POINT (53.17590332 5.40850830100004)
portlocations.583,DEBER,2111,4,POINT (52.540100098 13.337280273)
portlocations.584,PLSZZ,2110,3,POINT (53.4188842770001 14.5559082030001)
portlocations.585,PLPLC,2109,7,POINT (53.562316895 14.5900878910001)
portlocations.586,DEUCK,2109,1,POINT (53.7374877930001 14.051330566)
portlocations.587,DEANK,5106,6,POINT (53.8601074220001 13.693481445)
portlocations.588,PLSWI,2110,1,POINT (53.9037020000001 14.2543220000001)
portlocations.589,DEDMN,2108,6,POINT (53.9066772460001 13.0305175780001)
portlocations.590,DEHGL,5105,1,POINT (54.1832885740001 7.88928222700002)
portlocations.591,DEREN,2109,5,POINT (54.3002929690001 9.68328857400007)
portlocations.592,DEKEL,2110,1,POINT (54.3240966800001 10.153930664)
portlocations.593,DEHHF,2110,3,POINT (54.3715209960001 10.989074707)
portlocations.594,DEBSK,5106,6,POINT (54.4213256840001 11.189086914)
portlocations.595,DEHUS,2109,7,POINT (54.4729003910001 9.02508544900007)
portlocations.596,DEECK,2110,2,POINT (54.4733276370001 9.86230468700006)
portlocations.597,DENOR,2108,1,POINT (54.49810791 8.80389404300007)
portlocations.598,DEPUT,2109,1,POINT (54.5039062500001 11.2299194340001)
portlocations.599,DEPEL,2107,1,POINT (54.509094238 8.68750000000006)
portlocations.600,DKROF,9998,1,POINT (54.652709961 11.35168457)
portlocations.601,DEKAP,2109,5,POINT (54.666320801 9.93908691400003)
portlocations.602,DEDAG,5106,1,POINT (54.730102539 8.68811035200002)
portlocations.603,DKBAG,2101,1,POINT (54.7518920900001 10.6743164060001)
portlocations.604,DEHRM,5106,1,POINT (54.775695801 8.29748535200002)
portlocations.605,DEFLF,2110,1,POINT (54.803100586 9.43811035200002)
portlocations.606,DKMRS,2108,1,POINT (54.856506348 10.522521973)
portlocations.607,DKTRS,9998,1,POINT (54.8756713870001 11.0292968750001)
portlocations.608,DKARK,5106,1,POINT (54.8942871090001 10.4078979490001)
portlocations.609,DKSPB,5106,1,POINT (54.9332885740001 10.833129883)
portlocations.610,DKRKB,5106,1,POINT (54.934692383 10.701721191)
portlocations.611,DKFYH,5106,1,POINT (54.9938964840001 9.98291015600006)
portlocations.612,DKBLB,9998,1,POINT (54.999328613 9.66967773400006)
portlocations.613,DKHDH,9998,1,POINT (55.0087280270001 9.69268798800005)
portlocations.614,DELIS,5106,1,POINT (55.018127441 8.44049072300004)
portlocations.615,DKENS,2109,1,POINT (55.0349523720001 9.42494854100005)
portlocations.616,DKAAB,2108,7,POINT (55.0416870120001 9.42749023400006)
portlocations.617,DKSVE,2110,1,POINT (55.057678223 10.6188964840001)
portlocations.618,DKHNB,5106,1,POINT (55.0848999020001 8.56610107400007)
portlocations.619,DKFAA,2111,1,POINT (55.095092773 10.2352905270001)
portlocations.620,DKBOS,9998,1,POINT (55.1091308590001 10.0961303710001)
portlocations.621,DKVSV,9998,8,POINT (55.139709473 10.7860717770001)
portlocations.622,DKGFH,2110,1,POINT (55.201293945 11.2595214840001)
portlocations.623,DKSTG,9998,8,POINT (55.2130737300001 11.243713379)
portlocations.624,DKARD,5105,1,POINT (55.2614746090001 9.71307373000008)
portlocations.625,DKARO,5106,1,POINT (55.2614746090001 9.73028564500004)
portlocations.626,DKNBG,2110,1,POINT (55.306274414 10.7905273440001)
portlocations.627,DKKRR,2110,1,POINT (55.3327026370001 11.1290893550001)
portlocations.628,DKODE,2110,3,POINT (55.4108886720001 10.381713867)
portlocations.629,DKNDB,9998,1,POINT (55.4562988280001 8.41192627000004)
portlocations.630,DKEBJ,2110,1,POINT (55.46887207 8.42431640600006)
portlocations.631,DKKOL,2110,3,POINT (55.4907226560001 9.50390625000006)
portlocations.632,DKFRC,2110,1,POINT (55.5594215 9.75288600000005)
portlocations.633,DKASV,2111,1,POINT (55.6655273440001 11.0844726560001)
portlocations.634,DKSTT,9998,1,POINT (55.6665039060001 11.0925292970001)
portlocations.635,DKKAL,2110,1,POINT (55.6766967770001 11.093322754)
portlocations.636,DKVEJ,2108,7,POINT (55.7042846680001 9.55731201200007)
portlocations.637,DKKOK,5105,1,POINT (55.7987060550001 10.530090332)
portlocations.638,DKSLV,9998,1,POINT (55.8646850590001 10.5482788090001)
portlocations.639,DKAAR,2110,1,POINT (56.1468609390001 10.222210623)
portlocations.640,DKEBT,2111,1,POINT (56.1964721680001 10.6701049800001)
portlocations.641,DKSSV,5106,6,POINT (56.2465209960001 10.3480834960001)
portlocations.642,DKGRE,2110,1,POINT (56.412902832 10.922485352)
portlocations.643,DKRAN,2110,3,POINT (56.4586791990001 10.0451049800001)
portlocations.644,DKKLP,9998,1,POINT (56.519897461 8.60571289100005)
portlocations.645,DKVEN,9998,1,POINT (56.55090332 8.61450195300006)
portlocations.646,DKTYB,2110,1,POINT (56.69708252 8.21832275400004)
portlocations.647,DKHVA,2109,1,POINT (56.700500488 9.19250488300003)
portlocations.648,DKSUE,9998,1,POINT (56.7094726560001 9.17407226600005)
portlocations.649,DKBRH,9998,1,POINT (56.8004760740001 9.03088378900003)
portlocations.650,DKFUH,2109,1,POINT (56.8038940430001 9.02227783200004)
portlocations.651,DKEGN,9998,1,POINT (56.984680176 10.30670166)
portlocations.652,DKHAS,2108,1,POINT (56.9899291990001 10.308898926)
portlocations.653,DKAAL,2110,1,POINT (57.04888916 9.93707275400004)
portlocations.654,DKHOH,9998,1,POINT (57.0524902340001 10.377075195)
portlocations.655,DKNRS,5106,1,POINT (57.054077148 9.93267822300004)
portlocations.656,DKROR,2109,7,POINT (57.0656738280001 9.97192382800006)
portlocations.657,DKHAN,2110,1,POINT (57.1232910160001 8.59527587900004)
portlocations.658,DKFDH,2110,1,POINT (57.438293457 10.545471191)
portlocations.659,DKHIR,2110,1,POINT (57.5944824220001 9.96228027300003)
portlocations.660,DEWOL,2110,2,POINT (54.051086426 13.784729004)
portlocations.661,DERSK,2110,1,POINT (54.093063 12.137799)
portlocations.662,DEGRD,2110,3,POINT (54.099914551 13.3837280270001)
portlocations.663,DESTL,2110,2,POINT (54.307922363 13.108520508)
portlocations.664,PLGDN,2110,1,POINT (54.373901367 18.658325195)
portlocations.665,DESAS,2110,1,POINT (54.513305664 13.642883301)
portlocations.666,PLGDY,2110,1,POINT (54.5357258170001 18.563058714)
portlocations.667,DKGED,5106,1,POINT (54.57232666 11.926879883)
portlocations.668,PLHEL,2109,1,POINT (54.6010742190001 18.7993164060001)
portlocations.669,DKKRA,9998,1,POINT (54.9143066410001 11.359924316)
portlocations.670,DKFEJ,9998,1,POINT (54.9367065430001 11.3732910160001)
portlocations.671,DKVOR,9998,1,POINT (54.9960937500001 11.893920898)
portlocations.672,DKRNN,2110,1,POINT (55.0979003910001 14.6964721680001)
portlocations.673,SETRG,2110,1,POINT (55.3701050000001 13.1513045)
portlocations.674,SEYST,2109,1,POINT (55.4237060550001 13.8256835940001)
portlocations.675,DKKOG,2110,1,POINT (55.4520874020001 12.1984863280001)
portlocations.676,DKDRA,2111,1,POINT (55.5914916990001 12.6779174800001)
portlocations.677,DKAVE,2109,1,POINT (55.6010742190001 12.4829101560001)
portlocations.678,SEMMA,2110,1,POINT (55.6202280000001 12.9923035)
portlocations.679,DKKTP,2111,1,POINT (55.6376953120001 12.6569213870001)
portlocations.680,DKCPH,2110,1,POINT (55.697813217 12.6153869820001)
portlocations.681,LTKLJ,2110,1,POINT (55.705269903 21.121978885)
portlocations.682,SELAA,2109,1,POINT (55.8638916020001 12.826477051)
portlocations.683,SEAHU,2110,3,POINT (55.928100586 14.328918457)
portlocations.684,DKRRV,2108,1,POINT (55.9442749020001 11.766723633)
portlocations.685,DKHUN,2110,1,POINT (55.961730957 11.8457031250001)
portlocations.686,DKSVV,2109,7,POINT (55.9606933590001 12.004272461)
portlocations.687,DKSJO,9998,1,POINT (55.9744873050001 11.3004760740001)
portlocations.688,DKHLS,2108,1,POINT (56.034301758 12.616088867)
portlocations.689,LTBOT,2108,7,POINT (56.0383300780001 21.0704956050001)
portlocations.690,SEHEL,2110,1,POINT (56.0438795000001 12.688819)
portlocations.691,SESOL,2109,5,POINT (56.0480957030001 14.585327148)
portlocations.692,SEKAA,2110,1,POINT (56.157287598 15.5944824220001)
portlocations.693,SEKAN,2110,1,POINT (56.160705566 14.859680176)
portlocations.694,LVLPX,2110,3,POINT (56.5372924800001 20.9987182620001)
portlocations.695,SEKLR,2110,3,POINT (56.6542968750001 16.3698730470001)
portlocations.696,SEHAD,2110,1,POINT (56.659484863 12.85168457)
portlocations.697,SEFAG,2110,3,POINT (56.8900756840001 12.474914551)
portlocations.698,LVRIX,2110,1,POINT (57.0429077150001 24.073303223)
portlocations.699,SEJAT,9998,8,POINT (57.097290039 16.5451049800001)
portlocations.700,SEVAG,9998,1,POINT (57.112670898 12.2453002930001)
portlocations.701,SEOSK,2110,1,POINT (57.2650756840001 16.4642944340001)
portlocations.702,DKVES,5106,1,POINT (57.2968750000001 10.920715332)
portlocations.703,SEKLI,2110,2,POINT (57.388305664 18.183898926)
portlocations.704,LVVNT,2110,1,POINT (57.4084540000001 21.5301755)
portlocations.705,SEVBY,2110,1,POINT (57.6347045900001 18.281311035)
portlocations.706,SESLI,5106,6,POINT (57.7020874020001 18.809875488)
portlocations.707,SEGOT,2108,1,POINT (57.707901 11.951894)
portlocations.708,SEVVK,2110,3,POINT (57.7619018550001 16.642700195)
portlocations.709,SESUS,2109,6,POINT (57.8436889650001 18.799926758)
portlocations.710,SEKPH,2109,8,POINT (57.8493041990001 18.7885131840001)
portlocations.711,SESTE,2108,6,POINT (58.0805053710001 11.807678223)
portlocations.712,NOFAN,5106,5,POINT (58.095092773 6.79150390600006)
portlocations.713,NOKRS,9998,1,POINT (58.144104004 8.00469970700004)
portlocations.714,SELYS,2110,3,POINT (58.269104004 11.4343261720001)
portlocations.715,SETHN,2108,8,POINT (58.3131103520001 12.3156738280001)
portlocations.716,SEUDD,2109,6,POINT (58.3444824220001 11.9044799800001)
portlocations.717,SEBRO,9998,1,POINT (58.353900142 11.4337310780001)
portlocations.718,EEPRN,2109,8,POINT (58.3748779300001 24.470092773)
portlocations.719,SEVAN,2108,7,POINT (58.3854980470001 12.3305053710001)
portlocations.720,NOEGD,9998,7,POINT (58.4476928710001 5.98950195300006)
portlocations.721,SELDK,2109,6,POINT (58.511291504 13.165893555)
portlocations.722,SENRK,2109,5,POINT (58.6166992190001 16.2531127930001)
portlocations.723,SEOXE,2110,3,POINT (58.6574707030001 17.1101074220001)
portlocations.724,SENYN,2108,1,POINT (58.9020996090001 17.9545288090001)
portlocations.725,SESMD,2109,1,POINT (58.9321289060001 11.168518066)
portlocations.726,SEOTT,9998,7,POINT (58.950073242 14.0338745120001)
portlocations.727,NOSVG,5106,1,POINT (58.9743041990001 5.73468017600004)
portlocations.728,NOLAR,2109,1,POINT (59.0490722660001 10.0314941410001)
portlocations.729,SEAMA,2109,5,POINT (59.0538940430001 12.71270752)
portlocations.730,NOGVL,5106,1,POINT (59.1520996090001 9.65270996100003)
portlocations.731,NOBRG,5106,6,POINT (59.1928710940001 10.950073242)
portlocations.732,SESOE,9998,7,POINT (59.19732666 17.629516602)
portlocations.733,SEUND,2107,8,POINT (59.266906738 17.533325195)
portlocations.734,SEKHN,5106,7,POINT (59.3148803710001 14.0892944340001)
portlocations.735,SEBER,2109,8,POINT (59.318908691 18.161682129)
portlocations.736,NOTON,5106,1,POINT (59.3238266810001 10.5127883820001)
portlocations.737,SESTO,2110,1,POINT (59.3463134770001 18.1245117190001)
portlocations.738,SEKSD,2109,7,POINT (59.3666992190001 13.5205078120001)
portlocations.739,SEALN,2107,8,POINT (59.368530273 13.181518555)
portlocations.740,SESKT,2108,8,POINT (59.408508301 13.680480957)
portlocations.741,NOKAS,2109,1,POINT (59.4141465000001 5.25780550000007)
portlocations.742,NOMSS,2108,6,POINT (59.429321289 10.6544799800001)
portlocations.743,EETLL,2110,1,POINT (59.4478520000001 24.763247)
portlocations.744,EEVEB,2107,8,POINT (59.4528808590001 24.662902832)
portlocations.745,EEMDR,2107,2,POINT (59.4984741210001 24.815307617)
portlocations.746,SEKOG,2108,6,POINT (59.504699707 16.0073242190001)
portlocations.747,EEKND,2109,6,POINT (59.519104004 26.551086426)
portlocations.748,SEVST,2108,6,POINT (59.6022949220001 16.5473022460001)
portlocations.749,NOSAU,5106,6,POINT (59.6456909180001 6.35791015600006)
portlocations.750,SEKPS,2109,1,POINT (59.7238769530001 19.06427002)
portlocations.751,NODRM,2108,8,POINT (59.7341308590001 10.233520508)
portlocations.752,SENOE,2108,6,POINT (59.7576904300001 18.714477539)
portlocations.753,FIHKO,2110,1,POINT (59.819702148 22.9633178710001)
portlocations.754,FIKVH,2109,6,POINT (59.878295898 23.225708008)
portlocations.755,NOOSL,2108,1,POINT (59.908508301 10.7185058590001)
portlocations.756,FIINK,2108,6,POINT (60.043273926 24.0087280270001)
portlocations.757,FIMHQ,2108,1,POINT (60.0858764650001 19.931274414)
portlocations.758,SEGRH,9998,1,POINT (60.0988769530001 18.817504883)
portlocations.759,FIHEL,2110,1,POINT (60.1556475 24.9235630000001)
portlocations.760,SEHAN,5106,6,POINT (60.1701049800001 18.482727051)
portlocations.761,FIECK,2108,1,POINT (60.1962890620001 19.61730957)
portlocations.762,FIPAR,2108,6,POINT (60.2968750000001 22.3038940430001)
portlocations.763,FISKV,9998,1,POINT (60.3077240000001 25.5526275)
portlocations.764,NOBGO,2109,1,POINT (60.3950385000001 5.30825000000004)
portlocations.765,FILOV,2110,2,POINT (60.4100952150001 26.258911133)
portlocations.766,FITKU,2110,1,POINT (60.4346923830001 22.2175292970001)
portlocations.767,FINLI,2109,1,POINT (60.4650878910001 22.0150756840001)
portlocations.768,FIKTK,2110,1,POINT (60.4724679340001 26.950806679)
portlocations.769,FIHMN,5106,5,POINT (60.5629272460001 27.1945190430001)
portlocations.770,SESSR,2108,8,POINT (60.6467285160001 17.3934936520001)
portlocations.771,SEGVX,2110,4,POINT (60.6918945310001 17.225891113)
portlocations.772,FIUKI,2109,6,POINT (60.7958984370001 21.3789062500001)
portlocations.773,SENOT,5106,6,POINT (60.9375000000001 17.1508789060001)
portlocations.774,FIRAU,2110,3,POINT (61.1276855470001 21.4774780270001)
portlocations.775,SESOO,5106,7,POINT (61.3084716800001 17.1022949220001)
portlocations.776,FIPOR,2109,7,POINT (61.492492676 21.79309082)
portlocations.777,NOFRO,2109,5,POINT (61.600891113 5.03228759800004)
portlocations.778,SEIGG,2109,6,POINT (61.641479492 17.099914551)
portlocations.779,NOBRE,9998,1,POINT (61.8400878910001 4.97027587900004)
portlocations.780,NOMAY,5106,1,POINT (61.934875488 5.11468505900007)
portlocations.781,FIKAS,5106,6,POINT (62.35949707 21.2185058590001)
portlocations.782,SESDL,2109,6,POINT (62.3890991210001 17.3225097660001)
portlocations.783,NOAES,5106,6,POINT (62.463684082 6.16870117200006)
portlocations.784,SESOR,2108,8,POINT (62.4967041020001 17.502075195)
portlocations.785,SEHND,2109,6,POINT (62.6334838870001 17.9332885740001)
portlocations.786,NOMOL,2109,5,POINT (62.732727051 7.14630127000004)
portlocations.787,FIVAA,2108,1,POINT (63.0870971680001 21.606079102)
portlocations.788,NOKSU,2109,7,POINT (63.114074707 7.73712158200004)
portlocations.789,SEOER,5106,5,POINT (63.285705566 18.71887207)
portlocations.790,SEHUS,2109,5,POINT (63.3278808590001 19.155090332)
portlocations.791,NOTRD,2109,6,POINT (63.4379272460001 10.393127441)
portlocations.792,FIPRS,2110,1,POINT (63.7135009770001 22.6906738280001)
portlocations.793,NOVER,2109,5,POINT (63.7474975590001 11.297485352)
portlocations.794,SEUME,2108,1,POINT (63.785705566 20.3090820310001)
portlocations.795,FIKOK,2110,1,POINT (63.836730957 23.0371093750001)
portlocations.796,FIRTR,2109,1,POINT (64.659729004 24.41192627)
portlocations.797,FIRAA,2108,8,POINT (64.682495117 24.463928223)
portlocations.798,SESFT,2108,1,POINT (64.684875488 21.243713379)
portlocations.799,FIOUL,2109,2,POINT (65.000305176 25.4174804690001)
portlocations.800,SEPIT,2109,6,POINT (65.304504395 21.464904785)
portlocations.801,SELLA,2109,6,POINT (65.57989502 22.165893555)
portlocations.802,FIKEM,2109,2,POINT (65.658508301 24.5371093750001)
portlocations.803,FITOR,2109,7,POINT (65.7539062500001 24.15612793)
portlocations.804,NOMJF,5106,5,POINT (65.8500976560001 13.185119629)
portlocations.805,SEKAX,5106,6,POINT (65.852905273 23.133117676)
portlocations.806,NORNA,9998,7,POINT (66.319702148 14.1334838870001)
portlocations.807,NOBOO,2109,6,POINT (67.2894897460001 14.39630127)
portlocations.808,NONVK,2109,1,POINT (68.4330125720001 17.414458745)
portlocations.809,NOHRD,5106,7,POINT (68.791870117 16.597473145)
portlocations.810,NOTOS,5106,5,POINT (69.652709961 18.9686889650001)
portlocations.811,NOKKN,5106,5,POINT (69.7296752930001 30.0593261720001)
portlocations.812,NOHFT,2108,8,POINT (70.665100098 23.681518555)
portlocations.813,DEBKE,2109,5,POINT (53.3322753910001 8.48547363300003)
portlocations.814,DENHA,2109,5,POINT (53.4948730470001 8.49267578100006)
portlocations.815,CYDHK,9998,,POINT (34.9801445000001 33.7313270000001)
portlocations.816,EEHLT,2109,2,POINT (58.8670665000001 23.0468355)
portlocations.817,EEKUI,2109,3,POINT (58.5736495 23.3963185000001)
portlocations.818,EEPAR,9998,8,POINT (59.4478785000001 24.7491170000001)
portlocations.819,EERHK,2109,3,POINT (58.9078640000001 23.418413)
portlocations.820,EESLM,2108,6,POINT (59.4251360000001 27.7399110000001)
portlocations.821,EEVIR,5106,6,POINT (58.5761670000001 23.5080320000001)
portlocations.822,GRAPL,9998,,POINT (39.16952859 22.8881849530001)
portlocations.823,GRDRE,9998,7,POINT (38.340880284 21.846813787)
portlocations.824,GRKEM,9998,,POINT (37.295372 23.1632845)
portlocations.825,GRKOF,9998,8,POINT (36.9297833150001 25.5995414060001)
portlocations.826,GRPLM,9998,,POINT (38.973631245 26.367582038)
portlocations.827,GRSAT,9998,,POINT (38.4598045000001 20.6636370000001)
portlocations.828,ITPFO,9998,,POINT (45.0474981740001 12.3676984200001)
portlocations.829,NOBRO,9998,,POINT (59.85224364 10.538822876)
portlocations.830,SEELL,9998,,POINT (56.1566525000001 14.8188415000001)
portlocations.831,NOKVD,9998,,POINT (58.2619427560001 6.82135895800008)
portlocations.832,GRGMA,9998,,POINT (37.1576831580001 26.852438444)
portlocations.833,GRPIS,9998,8,POINT (38.3485525 20.685375)
portlocations.834,GRPLC,2108,8,POINT (39.101177352 26.1687704130001)
portlocations.835,GRPLG,2109,8,POINT (38.4723423560001 21.101439531)
portlocations.836,GRPSK,9998,,POINT (38.1081315000001 20.589863)
portlocations.837,MEKOT,9998,,POINT (42.424650199 18.766918242)
